id,lat,lng,neighborhood,zip,property_type,parcel_size,zoning,crime_trend,permit_activity,income,population_growth,crime_history,permit_history,population_history,transit_distance,crime_count_nearby,violent_crime_count_nearby,permit_count_nearby,nearest_station,transit_stop_count_nearby
2563584-20260916,41.8893542519,-87.6241024562,NEAR NORTH SIDE,60611,business_candidate,0,Limited Business License,1.1707,-0.0225,126812.0,0.0198,"[{'year': 2022, 'crime_count': 178, 'violent_crime_count': 30}, {'year': 2023, 'crime_count': 164, 'violent_crime_count': 46}, {'year': 2024, 'crime_count': 166, 'violent_crime_count': 40}, {'year': 2025, 'crime_count': 131, 'violent_crime_count': 26}]","[{'year': 2022, 'permit_count': 212}, {'year': 2023, 'permit_count': 247}, {'year': 2024, 'permit_count': 350}, {'year': 2025, 'permit_count': 300}]","[{'year': 2021, 'population': 34562}, {'year': 2022, 'population': 35247}]",0.0579,89,27,87,Michigan (Lower) & Hubbard,57
1904803-20260516,41.8831927007,-87.650962974,NEAR WEST SIDE,60607,business_candidate,0,Limited Business License,0.4545,0.5161,119500.0,-0.0398,"[{'year': 2022, 'crime_count': 46, 'violent_crime_count': 9}, {'year': 2023, 'crime_count': 73, 'violent_crime_count': 9}, {'year': 2024, 'crime_count': 30, 'violent_crime_count': 2}, {'year': 2025, 'crime_count': 40, 'violent_crime_count': 3}]","[{'year': 2022, 'permit_count': 158}, {'year': 2023, 'permit_count': 157}, {'year': 2024, 'permit_count': 87}, {'year': 2025, 'permit_count': 94}]","[{'year': 2021, 'population': 29990}, {'year': 2022, 'population': 28797}]",0.1082,32,5,47,Madison & Morgan,17
28592-20260516,41.8880742811,-87.6349552029,NEAR NORTH SIDE,60654,business_candidate,0,Limited Business License,1.2,0.1391,138279.0,0.0739,"[{'year': 2022, 'crime_count': 105, 'violent_crime_count': 24}, {'year': 2023, 'crime_count': 131, 'violent_crime_count': 33}, {'year': 2024, 'crime_count': 113, 'violent_crime_count': 27}, {'year': 2025, 'crime_count': 111, 'violent_crime_count': 17}]","[{'year': 2022, 'permit_count': 317}, {'year': 2023, 'permit_count': 291}, {'year': 2024, 'permit_count': 299}, {'year': 2025, 'permit_count': 295}]","[{'year': 2021, 'population': 21859}, {'year': 2022, 'population': 23475}]",0.0632,77,21,131,Wells & Merchandise Mart,43
2677091-20260516,41.88184063,-87.6332550894,LOOP,60602,business_candidate,0,Retail Food Establishment,0.1304,0.0765,167617.0,-0.1786,"[{'year': 2022, 'crime_count': 105, 'violent_crime_count': 28}, {'year': 2023, 'crime_count': 108, 'violent_crime_count': 26}, {'year': 2024, 'crime_count': 105, 'violent_crime_count': 24}, {'year': 2025, 'crime_count': 117, 'violent_crime_count': 22}]","[{'year': 2022, 'permit_count': 458}, {'year': 2023, 'permit_count': 420}, {'year': 2024, 'permit_count': 431}, {'year': 2025, 'permit_count': 385}]","[{'year': 2021, 'population': 1142}, {'year': 2022, 'population': 938}]",0.0356,52,17,197,Wells & Madison,52
31153-20260516,41.8860483674,-87.6511329281,NEAR WEST SIDE,60607,business_candidate,0,Limited Business License,0.36,0.7037,119500.0,-0.0398,"[{'year': 2022, 'crime_count': 39, 'violent_crime_count': 10}, {'year': 2023, 'crime_count': 72, 'violent_crime_count': 9}, {'year': 2024, 'crime_count': 29, 'violent_crime_count': 2}, {'year': 2025, 'crime_count': 40, 'violent_crime_count': 5}]","[{'year': 2022, 'permit_count': 144}, {'year': 2023, 'permit_count': 158}, {'year': 2024, 'permit_count': 83}, {'year': 2025, 'permit_count': 105}]","[{'year': 2021, 'population': 29990}, {'year': 2022, 'population': 28797}]",0.1886,34,7,46,Halsted & Lake,16
2840926-20260516,41.9524438778,-87.6773953526,NORTH CENTER,60613,business_candidate,0,Animal Care License,0.2,0.7143,92238.0,-0.0248,"[{'year': 2022, 'crime_count': 10, 'violent_crime_count': 2}, {'year': 2023, 'crime_count': 11, 'violent_crime_count': 0}, {'year': 2024, 'crime_count': 9, 'violent_crime_count': 2}, {'year': 2025, 'crime_count': 6, 'violent_crime_count': 1}]","[{'year': 2022, 'permit_count': 34}, {'year': 2023, 'permit_count': 32}, {'year': 2024, 'permit_count': 39}, {'year': 2025, 'permit_count': 32}]","[{'year': 2021, 'population': 53282}, {'year': 2022, 'population': 51961}]",0.1346,6,1,12,Irving Park & Damen/Lincoln,23
2446496-20260516,41.9540911429,-87.6753412254,NORTH CENTER,60613,business_candidate,0,Tobacco,-0.1667,-0.2727,92238.0,-0.0248,"[{'year': 2022, 'crime_count': 12, 'violent_crime_count': 2}, {'year': 2023, 'crime_count': 11, 'violent_crime_count': 1}, {'year': 2024, 'crime_count': 7, 'violent_crime_count': 0}, {'year': 2025, 'crime_count': 8, 'violent_crime_count': 1}]","[{'year': 2022, 'permit_count': 38}, {'year': 2023, 'permit_count': 30}, {'year': 2024, 'permit_count': 30}, {'year': 2025, 'permit_count': 30}]","[{'year': 2021, 'population': 53282}, {'year': 2022, 'population': 51961}]",0.1681,5,1,8,Irving Park & Hermitage,15
2967376-20260516,41.9448215398,-87.6638091163,LAKE VIEW,60657,business_candidate,0,Limited Business License,1.1667,0.5882,105428.0,-0.0128,"[{'year': 2022, 'crime_count': 27, 'violent_crime_count': 1}, {'year': 2023, 'crime_count': 32, 'violent_crime_count': 4}, {'year': 2024, 'crime_count': 25, 'violent_crime_count': 5}, {'year': 2025, 'crime_count': 30, 'violent_crime_count': 9}]","[{'year': 2022, 'permit_count': 49}, {'year': 2023, 'permit_count': 36}, {'year': 2024, 'permit_count': 35}, {'year': 2025, 'permit_count': 44}]","[{'year': 2021, 'population': 72113}, {'year': 2022, 'population': 71192}]",0.1524,26,10,27,Addison & Southport,20
2846138-20260516,41.9614094982,-87.6906584419,LINCOLN SQUARE,60618,business_candidate,0,Limited Business License,0.4,-0.3333,100976.0,-0.0299,"[{'year': 2022, 'crime_count': 8, 'violent_crime_count': 1}, {'year': 2023, 'crime_count': 8, 'violent_crime_count': 0}, {'year': 2024, 'crime_count': 15, 'violent_crime_count': 1}, {'year': 2025, 'crime_count': 17, 'violent_crime_count': 4}]","[{'year': 2022, 'permit_count': 34}, {'year': 2023, 'permit_count': 22}, {'year': 2024, 'permit_count': 32}, {'year': 2025, 'permit_count': 32}]","[{'year': 2021, 'population': 95078}, {'year': 2022, 'population': 92235}]",0.0657,7,1,10,Montrose & Campbell,18
2712488-20260516,41.9541141437,-87.6546816274,LAKE VIEW,60613,business_candidate,0,Package Goods,0.0,0.125,92238.0,-0.0248,"[{'year': 2022, 'crime_count': 31, 'violent_crime_count': 5}, {'year': 2023, 'crime_count': 22, 'violent_crime_count': 3}, {'year': 2024, 'crime_count': 28, 'violent_crime_count': 6}, {'year': 2025, 'crime_count': 31, 'violent_crime_count': 6}]","[{'year': 2022, 'permit_count': 25}, {'year': 2023, 'permit_count': 26}, {'year': 2024, 'permit_count': 28}, {'year': 2025, 'permit_count': 32}]","[{'year': 2021, 'population': 53282}, {'year': 2022, 'population': 51961}]",0.0132,14,7,18,Sheridan & Irving Park,37
37756,41.75654782391807,-87.64386327857898,ENGLEWOOD,60620,opportunity_site,0,B1-2,0.0909,2.6667,46472.0,-0.0148,"[{'year': 2022, 'crime_count': 36, 'violent_crime_count': 12}, {'year': 2023, 'crime_count': 41, 'violent_crime_count': 11}, {'year': 2024, 'crime_count': 42, 'violent_crime_count': 17}, {'year': 2025, 'crime_count': 44, 'violent_crime_count': 16}]","[{'year': 2022, 'permit_count': 16}, {'year': 2023, 'permit_count': 18}, {'year': 2024, 'permit_count': 17}, {'year': 2025, 'permit_count': 18}]","[{'year': 2021, 'population': 69357}, {'year': 2022, 'population': 68330}]",0.0327,12,6,11,Halsted & 76th Street,23
8947,41.891993539915006,-87.72262337281994,HUMBOLDT PARK,60624,opportunity_site,0,RS-3,-0.1765,1.5,31768.0,-0.0357,"[{'year': 2022, 'crime_count': 24, 'violent_crime_count': 11}, {'year': 2023, 'crime_count': 35, 'violent_crime_count': 20}, {'year': 2024, 'crime_count': 41, 'violent_crime_count': 10}, {'year': 2025, 'crime_count': 47, 'violent_crime_count': 10}]","[{'year': 2022, 'permit_count': 15}, {'year': 2023, 'permit_count': 22}, {'year': 2024, 'permit_count': 14}, {'year': 2025, 'permit_count': 18}]","[{'year': 2021, 'population': 36986}, {'year': 2022, 'population': 35664}]",0.1764,14,7,10,Pulaski & Erie,13
35050,41.893299947536285,-87.72322440479832,HUMBOLDT PARK,60624,opportunity_site,0,RS-3,-0.0625,2.6667,31768.0,-0.0357,"[{'year': 2022, 'crime_count': 26, 'violent_crime_count': 12}, {'year': 2023, 'crime_count': 37, 'violent_crime_count': 23}, {'year': 2024, 'crime_count': 38, 'violent_crime_count': 10}, {'year': 2025, 'crime_count': 44, 'violent_crime_count': 9}]","[{'year': 2022, 'permit_count': 17}, {'year': 2023, 'permit_count': 24}, {'year': 2024, 'permit_count': 16}, {'year': 2025, 'permit_count': 22}]","[{'year': 2021, 'population': 36986}, {'year': 2022, 'population': 35664}]",0.1432,15,8,11,Pulaski & Erie,13
35245,41.89385728946573,-87.72041320086409,HUMBOLDT PARK,60624,opportunity_site,0,RS-3,0.0556,4.0,31768.0,-0.0357,"[{'year': 2022, 'crime_count': 32, 'violent_crime_count': 12}, {'year': 2023, 'crime_count': 46, 'violent_crime_count': 22}, {'year': 2024, 'crime_count': 64, 'violent_crime_count': 15}, {'year': 2025, 'crime_count': 65, 'violent_crime_count': 13}]","[{'year': 2022, 'permit_count': 19}, {'year': 2023, 'permit_count': 28}, {'year': 2024, 'permit_count': 22}, {'year': 2025, 'permit_count': 27}]","[{'year': 2021, 'population': 36986}, {'year': 2022, 'population': 35664}]",0.1056,19,9,15,Chicago & Hamlin,15
58725,41.867174702009,-87.73696513733313,NORTH LAWNDALE,60624,opportunity_site,0,M2-2,0.2857,-0.5,31768.0,-0.0357,"[{'year': 2022, 'crime_count': 18, 'violent_crime_count': 5}, {'year': 2023, 'crime_count': 17, 'violent_crime_count': 9}, {'year': 2024, 'crime_count': 25, 'violent_crime_count': 10}, {'year': 2025, 'crime_count': 22, 'violent_crime_count': 7}]","[{'year': 2022, 'permit_count': 11}, {'year': 2023, 'permit_count': 6}, {'year': 2024, 'permit_count': 5}, {'year': 2025, 'permit_count': 18}]","[{'year': 2021, 'population': 36986}, {'year': 2022, 'population': 35664}]",0.0774,9,3,2,Roosevelt & Kilbourn,16
62821,41.81635800969871,-87.62045281388649,GRAND BOULEVARD,60653,opportunity_site,0,B3-3,-0.4615,-0.1429,35136.0,-0.0045,"[{'year': 2022, 'crime_count': 37, 'violent_crime_count': 12}, {'year': 2023, 'crime_count': 22, 'violent_crime_count': 6}, {'year': 2024, 'crime_count': 29, 'violent_crime_count': 11}, {'year': 2025, 'crime_count': 48, 'violent_crime_count': 11}]","[{'year': 2022, 'permit_count': 27}, {'year': 2023, 'permit_count': 21}, {'year': 2024, 'permit_count': 18}, {'year': 2025, 'permit_count': 26}]","[{'year': 2021, 'population': 34519}, {'year': 2022, 'population': 34364}]",0.1685,7,1,6,43rd Street & King Drive,29
36518,41.78970436565455,-87.66048889509541,WEST ENGLEWOOD,60636,opportunity_site,0,RS-3,0.5714,0.3333,30451.0,-0.019,"[{'year': 2022, 'crime_count': 33, 'violent_crime_count': 15}, {'year': 2023, 'crime_count': 22, 'violent_crime_count': 9}, {'year': 2024, 'crime_count': 29, 'violent_crime_count': 13}, {'year': 2025, 'crime_count': 33, 'violent_crime_count': 9}]","[{'year': 2022, 'permit_count': 14}, {'year': 2023, 'permit_count': 21}, {'year': 2024, 'permit_count': 13}, {'year': 2025, 'permit_count': 19}]","[{'year': 2021, 'population': 30412}, {'year': 2022, 'population': 29833}]",0.2021,11,4,12,Ashland & 57th Street,28
58818,41.89275197812359,-87.72023597773659,HUMBOLDT PARK,60624,opportunity_site,0,RS-3,0.0,3.3333,31768.0,-0.0357,"[{'year': 2022, 'crime_count': 32, 'violent_crime_count': 13}, {'year': 2023, 'crime_count': 43, 'violent_crime_count': 19}, {'year': 2024, 'crime_count': 63, 'violent_crime_count': 13}, {'year': 2025, 'crime_count': 60, 'violent_crime_count': 11}]","[{'year': 2022, 'permit_count': 18}, {'year': 2023, 'permit_count': 27}, {'year': 2024, 'permit_count': 16}, {'year': 2025, 'permit_count': 22}]","[{'year': 2021, 'population': 36986}, {'year': 2022, 'population': 35664}]",0.1822,17,7,13,Chicago & Hamlin,14
16109,41.823586956634486,-87.60432230879749,OAKLAND,60653,opportunity_site,0,RM-5,-0.125,0.25,35136.0,-0.0045,"[{'year': 2022, 'crime_count': 16, 'violent_crime_count': 7}, {'year': 2023, 'crime_count': 14, 'violent_crime_count': 4}, {'year': 2024, 'crime_count': 25, 'violent_crime_count': 6}, {'year': 2025, 'crime_count': 14, 'violent_crime_count': 3}]","[{'year': 2022, 'permit_count': 11}, {'year': 2023, 'permit_count': 6}, {'year': 2024, 'permit_count': 17}, {'year': 2025, 'permit_count': 18}]","[{'year': 2021, 'population': 34519}, {'year': 2022, 'population': 34364}]",0.0374,7,1,5,Ellis & Oakwood,16
50670,41.67587538651602,-87.63497051121821,WEST PULLMAN,60628,opportunity_site,3075,RS-3,0.0,1.0,48601.0,-0.0476,"[{'year': 2022, 'crime_count': 22, 'violent_crime_count': 9}, {'year': 2023, 'crime_count': 17, 'violent_crime_count': 5}, {'year': 2024, 'crime_count': 24, 'violent_crime_count': 6}, {'year': 2025, 'crime_count': 20, 'violent_crime_count': 6}]","[{'year': 2022, 'permit_count': 23}, {'year': 2023, 'permit_count': 17}, {'year': 2024, 'permit_count': 11}, {'year': 2025, 'permit_count': 16}]","[{'year': 2021, 'population': 64489}, {'year': 2022, 'population': 61419}]",0.1358,10,5,8,119th Street & Normal,13
19505,41.74483594473508,-87.6597997988371,AUBURN GRESHAM,60620,opportunity_site,0,RS-3,0.0,-0.25,46472.0,-0.0148,"[{'year': 2022, 'crime_count': 37, 'violent_crime_count': 17}, {'year': 2023, 'crime_count': 35, 'violent_crime_count': 14}, {'year': 2024, 'crime_count': 30, 'violent_crime_count': 11}, {'year': 2025, 'crime_count': 30, 'violent_crime_count': 12}]","[{'year': 2022, 'permit_count': 19}, {'year': 2023, 'permit_count': 21}, {'year': 2024, 'permit_count': 20}, {'year': 2025, 'permit_count': 21}]","[{'year': 2021, 'population': 69357}, {'year': 2022, 'population': 68330}]",0.2151,9,2,6,Ashland & 83rd Street,19
59403,41.8104306715045,-87.61482207300874,GRAND BOULEVARD,60653,opportunity_site,0,RM-5,-0.2857,0.0,35136.0,-0.0045,"[{'year': 2022, 'crime_count': 35, 'violent_crime_count': 8}, {'year': 2023, 'crime_count': 31, 'violent_crime_count': 9}, {'year': 2024, 'crime_count': 37, 'violent_crime_count': 14}, {'year': 2025, 'crime_count': 64, 'violent_crime_count': 14}]","[{'year': 2022, 'permit_count': 39}, {'year': 2023, 'permit_count': 19}, {'year': 2024, 'permit_count': 24}, {'year': 2025, 'permit_count': 25}]","[{'year': 2021, 'population': 34519}, {'year': 2022, 'population': 34364}]",0.0859,10,2,10,47th Street & Vincennes,27
8771,41.89385822556417,-87.72028530282613,HUMBOLDT PARK,60624,opportunity_site,0,RT-4,0.0556,4.0,31768.0,-0.0357,"[{'year': 2022, 'crime_count': 33, 'violent_crime_count': 12}, {'year': 2023, 'crime_count': 46, 'violent_crime_count': 21}, {'year': 2024, 'crime_count': 65, 'violent_crime_count': 16}, {'year': 2025, 'crime_count': 65, 'violent_crime_count': 13}]","[{'year': 2022, 'permit_count': 18}, {'year': 2023, 'permit_count': 28}, {'year': 2024, 'permit_count': 21}, {'year': 2025, 'permit_count': 26}]","[{'year': 2021, 'population': 36986}, {'year': 2022, 'population': 35664}]",0.1074,19,9,15,Chicago & Hamlin,15
22900,41.7348607537722,-87.54481150691862,SOUTH CHICAGO,60617,opportunity_site,0,RT-3.5,-0.5714,-1.0,51203.0,-0.0119,"[{'year': 2022, 'crime_count': 15, 'violent_crime_count': 6}, {'year': 2023, 'crime_count': 11, 'violent_crime_count': 1}, {'year': 2024, 'crime_count': 15, 'violent_crime_count': 6}, {'year': 2025, 'crime_count': 19, 'violent_crime_count': 9}]","[{'year': 2022, 'permit_count': 8}, {'year': 2023, 'permit_count': 7}, {'year': 2024, 'permit_count': 7}, {'year': 2025, 'permit_count': 8}]","[{'year': 2021, 'population': 84193}, {'year': 2022, 'population': 83188}]",0.0674,3,1,0,Buffalo & 88th Street,13
23989,41.72654653465606,-87.62672288201742,ROSELAND,60620,opportunity_site,0,RS-2,-0.25,-0.6667,46472.0,-0.0148,"[{'year': 2022, 'crime_count': 11, 'violent_crime_count': 6}, {'year': 2023, 'crime_count': 14, 'violent_crime_count': 2}, {'year': 2024, 'crime_count': 21, 'violent_crime_count': 6}, {'year': 2025, 'crime_count': 20, 'violent_crime_count': 7}]","[{'year': 2022, 'permit_count': 6}, {'year': 2023, 'permit_count': 5}, {'year': 2024, 'permit_count': 12}, {'year': 2025, 'permit_count': 14}]","[{'year': 2021, 'population': 69357}, {'year': 2022, 'population': 68330}]",0.1052,6,3,1,Lafayette & 93rd Street,15
22901,41.73479207976941,-87.5448098190493,SOUTH CHICAGO,60617,opportunity_site,0,RT-3.5,-0.5714,-1.0,51203.0,-0.0119,"[{'year': 2022, 'crime_count': 14, 'violent_crime_count': 5}, {'year': 2023, 'crime_count': 10, 'violent_crime_count': 1}, {'year': 2024, 'crime_count': 15, 'violent_crime_count': 6}, {'year': 2025, 'crime_count': 19, 'violent_crime_count': 9}]","[{'year': 2022, 'permit_count': 8}, {'year': 2023, 'permit_count': 7}, {'year': 2024, 'permit_count': 8}, {'year': 2025, 'permit_count': 8}]","[{'year': 2021, 'population': 84193}, {'year': 2022, 'population': 83188}]",0.072,3,1,0,Buffalo & 88th Street,14
65660,41.73253836838667,-87.65705615590763,WASHINGTON HEIGHTS,00000,opportunity_site,0,RS-3,-0.3636,-0.1538,,,"[{'year': 2022, 'crime_count': 21, 'violent_crime_count': 6}, {'year': 2023, 'crime_count': 33, 'violent_crime_count': 12}, {'year': 2024, 'crime_count': 21, 'violent_crime_count': 6}, {'year': 2025, 'crime_count': 20, 'violent_crime_count': 4}]","[{'year': 2022, 'permit_count': 13}, {'year': 2023, 'permit_count': 16}, {'year': 2024, 'permit_count': 9}, {'year': 2025, 'permit_count': 20}]",[],0.2905,7,4,11,87th Street & Laflin,12
63304,41.7918255239407,-87.68800037464345,GAGE PARK,60629,opportunity_site,5162,RS-3,5.0,3.5,53318.0,0.014,"[{'year': 2022, 'crime_count': 13, 'violent_crime_count': 2}, {'year': 2023, 'crime_count': 14, 'violent_crime_count': 6}, {'year': 2024, 'crime_count': 25, 'violent_crime_count': 6}, {'year': 2025, 'crime_count': 14, 'violent_crime_count': 6}]","[{'year': 2022, 'permit_count': 7}, {'year': 2023, 'permit_count': 16}, {'year': 2024, 'permit_count': 14}, {'year': 2025, 'permit_count': 9}]","[{'year': 2021, 'population': 107487}, {'year': 2022, 'population': 108997}]",0.1349,6,2,9,55th Street & Rockwell,22
11330,41.88137933289834,-87.69191926979119,NEAR WEST SIDE,0,opportunity_site,0,C2-2,-0.4667,0.0,,,"[{'year': 2022, 'crime_count': 30, 'violent_crime_count': 11}, {'year': 2023, 'crime_count': 48, 'violent_crime_count': 16}, {'year': 2024, 'crime_count': 26, 'violent_crime_count': 12}, {'year': 2025, 'crime_count': 28, 'violent_crime_count': 10}]","[{'year': 2022, 'permit_count': 14}, {'year': 2023, 'permit_count': 6}, {'year': 2024, 'permit_count': 18}, {'year': 2025, 'permit_count': 27}]",[],0.2119,8,1,3,Madison & California,24
62816,41.88169091949103,-87.66983656786506,NEAR WEST SIDE,00000,opportunity_site,0,PD 522,0.4444,0.0,,,"[{'year': 2022, 'crime_count': 27, 'violent_crime_count': 7}, {'year': 2023, 'crime_count': 38, 'violent_crime_count': 9}, {'year': 2024, 'crime_count': 33, 'violent_crime_count': 13}, {'year': 2025, 'crime_count': 23, 'violent_crime_count': 8}]","[{'year': 2022, 'permit_count': 29}, {'year': 2023, 'permit_count': 27}, {'year': 2024, 'permit_count': 32}, {'year': 2025, 'permit_count': 22}]",[],0.0277,13,7,13,Madison & Paulina,35
2906537-20260516,41.9015515657,-87.6345374449,NEAR NORTH SIDE,60610,business_candidate,0,Raffles,0.1429,-0.2353,106277.0,0.0114,"[{'year': 2022, 'crime_count': 56, 'violent_crime_count': 17}, {'year': 2023, 'crime_count': 55, 'violent_crime_count': 16}, {'year': 2024, 'crime_count': 70, 'violent_crime_count': 22}, {'year': 2025, 'crime_count': 69, 'violent_crime_count': 20}]","[{'year': 2022, 'permit_count': 93}, {'year': 2023, 'permit_count': 88}, {'year': 2024, 'permit_count': 90}, {'year': 2025, 'permit_count': 91}]","[{'year': 2021, 'population': 42422}, {'year': 2022, 'population': 42904}]",0.1155,40,10,26,LaSalle & Oak,47
2510900-20260516,41.884281738,-87.6618616199,NEAR WEST SIDE,60607,business_candidate,0,Regulated Business License,0.2222,1.0,119500.0,-0.0398,"[{'year': 2022, 'crime_count': 30, 'violent_crime_count': 5}, {'year': 2023, 'crime_count': 43, 'violent_crime_count': 11}, {'year': 2024, 'crime_count': 38, 'violent_crime_count': 9}, {'year': 2025, 'crime_count': 30, 'violent_crime_count': 8}]","[{'year': 2022, 'permit_count': 69}, {'year': 2023, 'permit_count': 73}, {'year': 2024, 'permit_count': 44}, {'year': 2025, 'permit_count': 69}]","[{'year': 2021, 'population': 29990}, {'year': 2022, 'population': 28797}]",0.1864,22,9,30,Madison & Loomis,16
2208091-20260516,41.8924452824,-87.6327553744,NEAR NORTH SIDE,60654,business_candidate,0,Regulated Business License,1.1463,0.0882,138279.0,0.0739,"[{'year': 2022, 'crime_count': 145, 'violent_crime_count': 28}, {'year': 2023, 'crime_count': 137, 'violent_crime_count': 35}, {'year': 2024, 'crime_count': 126, 'violent_crime_count': 27}, {'year': 2025, 'crime_count': 109, 'violent_crime_count': 21}]","[{'year': 2022, 'permit_count': 205}, {'year': 2023, 'permit_count': 201}, {'year': 2024, 'permit_count': 225}, {'year': 2025, 'permit_count': 201}]","[{'year': 2021, 'population': 21859}, {'year': 2022, 'population': 23475}]",0.0409,88,24,74,LaSalle & Ontario,54
2967398-20260516,41.8818224938,-87.635436571,LOOP,60606,business_candidate,0,Limited Business License,0.1053,0.1071,133333.0,0.0652,"[{'year': 2022, 'crime_count': 90, 'violent_crime_count': 24}, {'year': 2023, 'crime_count': 101, 'violent_crime_count': 25}, {'year': 2024, 'crime_count': 93, 'violent_crime_count': 17}, {'year': 2025, 'crime_count': 110, 'violent_crime_count': 24}]","[{'year': 2022, 'permit_count': 442}, {'year': 2023, 'permit_count': 400}, {'year': 2024, 'permit_count': 391}, {'year': 2025, 'permit_count': 362}]","[{'year': 2021, 'population': 3298}, {'year': 2022, 'population': 3513}]",0.0809,42,13,186,Wells & Madison,45
27729-20260516,41.8695310894,-87.6438815301,NEAR WEST SIDE,60607,business_candidate,0,Filling Station,-0.6667,1.3333,119500.0,-0.0398,"[{'year': 2022, 'crime_count': 23, 'violent_crime_count': 2}, {'year': 2023, 'crime_count': 13, 'violent_crime_count': 1}, {'year': 2024, 'crime_count': 22, 'violent_crime_count': 5}, {'year': 2025, 'crime_count': 27, 'violent_crime_count': 6}]","[{'year': 2022, 'permit_count': 24}, {'year': 2023, 'permit_count': 18}, {'year': 2024, 'permit_count': 9}, {'year': 2025, 'permit_count': 29}]","[{'year': 2021, 'population': 29990}, {'year': 2022, 'population': 28797}]",0.0635,4,1,7,Taylor & Jefferson,20
1096426-20260516,41.8673194053,-87.639056746,NEAR WEST SIDE,60607,business_candidate,0,Retail Food Establishment,-0.0769,0.5,119500.0,-0.0398,"[{'year': 2022, 'crime_count': 29, 'violent_crime_count': 5}, {'year': 2023, 'crime_count': 21, 'violent_crime_count': 3}, {'year': 2024, 'crime_count': 23, 'violent_crime_count': 4}, {'year': 2025, 'crime_count': 35, 'violent_crime_count': 9}]","[{'year': 2022, 'permit_count': 28}, {'year': 2023, 'permit_count': 20}, {'year': 2024, 'permit_count': 13}, {'year': 2025, 'permit_count': 31}]","[{'year': 2021, 'population': 29990}, {'year': 2022, 'population': 28797}]",0.2002,12,3,6,Clinton & Taylor,14
2873398-20260516,41.89569596,-87.6347605209,NEAR NORTH SIDE,60654,business_candidate,0,Limited Business License,0.8529,0.16,138279.0,0.0739,"[{'year': 2022, 'crime_count': 87, 'violent_crime_count': 21}, {'year': 2023, 'crime_count': 97, 'violent_crime_count': 26}, {'year': 2024, 'crime_count': 96, 'violent_crime_count': 24}, {'year': 2025, 'crime_count': 74, 'violent_crime_count': 15}]","[{'year': 2022, 'permit_count': 141}, {'year': 2023, 'permit_count': 118}, {'year': 2024, 'permit_count': 120}, {'year': 2025, 'permit_count': 102}]","[{'year': 2021, 'population': 21859}, {'year': 2022, 'population': 23475}]",0.0781,63,15,29,Chicago & Franklin (Brown line),49
2595660-20260516,41.8920941369,-87.6115698839,NEAR NORTH SIDE,60611,business_candidate,0,Limited Business License,0.0,0.375,126812.0,0.0198,"[{'year': 2022, 'crime_count': 23, 'violent_crime_count': 2}, {'year': 2023, 'crime_count': 14, 'violent_crime_count': 2}, {'year': 2024, 'crime_count': 23, 'violent_crime_count': 6}, {'year': 2025, 'crime_count': 14, 'violent_crime_count': 4}]","[{'year': 2022, 'permit_count': 33}, {'year': 2023, 'permit_count': 55}, {'year': 2024, 'permit_count': 60}, {'year': 2025, 'permit_count': 56}]","[{'year': 2021, 'population': 34562}, {'year': 2022, 'population': 35247}]",0.0291,5,0,22,Grand & Streeter,14
2124528-20260516,41.884821249,-87.6531394021,NEAR WEST SIDE,60607,business_candidate,0,Wholesale Food Establishment,0.4583,1.0417,119500.0,-0.0398,"[{'year': 2022, 'crime_count': 39, 'violent_crime_count': 9}, {'year': 2023, 'crime_count': 72, 'violent_crime_count': 8}, {'year': 2024, 'crime_count': 32, 'violent_crime_count': 2}, {'year': 2025, 'crime_count': 35, 'violent_crime_count': 3}]","[{'year': 2022, 'permit_count': 147}, {'year': 2023, 'permit_count': 136}, {'year': 2024, 'permit_count': 79}, {'year': 2025, 'permit_count': 106}]","[{'year': 2021, 'population': 29990}, {'year': 2022, 'population': 28797}]",0.2215,35,5,49,Madison & Morgan,12
2578438-20260516,41.8917281777,-87.6317258192,NEAR NORTH SIDE,60654,business_candidate,0,Tavern,1.0444,-0.0341,138279.0,0.0739,"[{'year': 2022, 'crime_count': 157, 'violent_crime_count': 31}, {'year': 2023, 'crime_count': 153, 'violent_crime_count': 39}, {'year': 2024, 'crime_count': 134, 'violent_crime_count': 32}, {'year': 2025, 'crime_count': 113, 'violent_crime_count': 21}]","[{'year': 2022, 'permit_count': 235}, {'year': 2023, 'permit_count': 213}, {'year': 2024, 'permit_count': 254}, {'year': 2025, 'permit_count': 231}]","[{'year': 2021, 'population': 21859}, {'year': 2022, 'population': 23475}]",0.0402,92,28,85,Grand & Clark,57
1718677-20260516,41.8843278017,-87.658457243,NEAR WEST SIDE,60607,business_candidate,0,Tobacco,0.55,1.2632,119500.0,-0.0398,"[{'year': 2022, 'crime_count': 34, 'violent_crime_count': 7}, {'year': 2023, 'crime_count': 52, 'violent_crime_count': 10}, {'year': 2024, 'crime_count': 34, 'violent_crime_count': 3}, {'year': 2025, 'crime_count': 37, 'violent_crime_count': 4}]","[{'year': 2022, 'permit_count': 98}, {'year': 2023, 'permit_count': 114}, {'year': 2024, 'permit_count': 52}, {'year': 2025, 'permit_count': 89}]","[{'year': 2021, 'population': 29990}, {'year': 2022, 'population': 28797}]",0.2008,31,9,43,Madison & Racine,13
2138507-20260516,41.8874660026,-87.6613909907,NEAR WEST SIDE,60607,business_candidate,0,Tobacco,0.35,0.9444,119500.0,-0.0398,"[{'year': 2022, 'crime_count': 22, 'violent_crime_count': 3}, {'year': 2023, 'crime_count': 43, 'violent_crime_count': 8}, {'year': 2024, 'crime_count': 32, 'violent_crime_count': 6}, {'year': 2025, 'crime_count': 22, 'violent_crime_count': 4}]","[{'year': 2022, 'permit_count': 69}, {'year': 2023, 'permit_count': 78}, {'year': 2024, 'permit_count': 39}, {'year': 2025, 'permit_count': 73}]","[{'year': 2021, 'population': 29990}, {'year': 2022, 'population': 28797}]",0.2825,27,10,35,Ashland & Carroll,13
2284401-20260516,41.8677692743,-87.6323464929,LOOP,60605,business_candidate,0,Limited Business License,-0.0294,0.6364,116462.0,0.0697,"[{'year': 2022, 'crime_count': 65, 'violent_crime_count': 16}, {'year': 2023, 'crime_count': 61, 'violent_crime_count': 9}, {'year': 2024, 'crime_count': 41, 'violent_crime_count': 11}, {'year': 2025, 'crime_count': 59, 'violent_crime_count': 21}]","[{'year': 2022, 'permit_count': 38}, {'year': 2023, 'permit_count': 32}, {'year': 2024, 'permit_count': 40}, {'year': 2025, 'permit_count': 35}]","[{'year': 2021, 'population': 32077}, {'year': 2022, 'population': 34314}]",0.0329,33,7,18,Roosevelt & Delano,27
2846201-20260516,41.8818862275,-87.6366183305,LOOP,60606,business_candidate,0,Limited Business License,0.0,0.0788,133333.0,0.0652,"[{'year': 2022, 'crime_count': 78, 'violent_crime_count': 15}, {'year': 2023, 'crime_count': 84, 'violent_crime_count': 19}, {'year': 2024, 'crime_count': 74, 'violent_crime_count': 11}, {'year': 2025, 'crime_count': 88, 'violent_crime_count': 15}]","[{'year': 2022, 'permit_count': 421}, {'year': 2023, 'permit_count': 390}, {'year': 2024, 'permit_count': 372}, {'year': 2025, 'permit_count': 350}]","[{'year': 2021, 'population': 3298}, {'year': 2022, 'population': 3513}]",0.1028,36,9,178,Washington & Franklin,41
1845067-20260516,41.879259703,-87.6512478262,NEAR WEST SIDE,60607,business_candidate,0,Limited Business License,0.2353,0.4444,119500.0,-0.0398,"[{'year': 2022, 'crime_count': 45, 'violent_crime_count': 9}, {'year': 2023, 'crime_count': 51, 'violent_crime_count': 9}, {'year': 2024, 'crime_count': 22, 'violent_crime_count': 1}, {'year': 2025, 'crime_count': 35, 'violent_crime_count': 6}]","[{'year': 2022, 'permit_count': 104}, {'year': 2023, 'permit_count': 81}, {'year': 2024, 'permit_count': 58}, {'year': 2025, 'permit_count': 73}]","[{'year': 2021, 'population': 29990}, {'year': 2022, 'population': 28797}]",0.103,21,2,26,Jackson & Morgan,25
1305125-20260516,41.8829393219,-87.6528236842,NEAR WEST SIDE,60607,business_candidate,0,Limited Business License,0.4783,0.8462,119500.0,-0.0398,"[{'year': 2022, 'crime_count': 46, 'violent_crime_count': 10}, {'year': 2023, 'crime_count': 70, 'violent_crime_count': 9}, {'year': 2024, 'crime_count': 28, 'violent_crime_count': 1}, {'year': 2025, 'crime_count': 35, 'violent_crime_count': 2}]","[{'year': 2022, 'permit_count': 148}, {'year': 2023, 'permit_count': 138}, {'year': 2024, 'permit_count': 78}, {'year': 2025, 'permit_count': 105}]","[{'year': 2021, 'population': 29990}, {'year': 2022, 'population': 28797}]",0.0957,34,5,48,Madison & Morgan,14
2836006-20260516,41.8868761594,-87.6326377117,LOOP,60601,business_candidate,0,Consumption on Premises - Incidental Activity,0.4464,0.1678,121294.0,0.1077,"[{'year': 2022, 'crime_count': 128, 'violent_crime_count': 30}, {'year': 2023, 'crime_count': 153, 'violent_crime_count': 41}, {'year': 2024, 'crime_count': 146, 'violent_crime_count': 31}, {'year': 2025, 'crime_count': 144, 'violent_crime_count': 23}]","[{'year': 2022, 'permit_count': 360}, {'year': 2023, 'permit_count': 352}, {'year': 2024, 'permit_count': 361}, {'year': 2025, 'permit_count': 367}]","[{'year': 2021, 'population': 14804}, {'year': 2022, 'population': 16398}]",0.1123,81,24,167,321 N LaSalle,48
2206795-20260516,41.878018745,-87.6496408244,NEAR WEST SIDE,60607,business_candidate,0,Regulated Business License,0.4167,0.0952,119500.0,-0.0398,"[{'year': 2022, 'crime_count': 47, 'violent_crime_count': 10}, {'year': 2023, 'crime_count': 41, 'violent_crime_count': 7}, {'year': 2024, 'crime_count': 25, 'violent_crime_count': 3}, {'year': 2025, 'crime_count': 37, 'violent_crime_count': 6}]","[{'year': 2022, 'permit_count': 92}, {'year': 2023, 'permit_count': 68}, {'year': 2024, 'permit_count': 59}, {'year': 2025, 'permit_count': 63}]","[{'year': 2021, 'population': 29990}, {'year': 2022, 'population': 28797}]",0.0932,17,1,23,Van Buren & Peoria,25
1888186-20260516,41.8937901574,-87.641310504,NEAR NORTH SIDE,60610,business_candidate,0,Limited Business License,0.7368,0.7143,106277.0,0.0114,"[{'year': 2022, 'crime_count': 39, 'violent_crime_count': 13}, {'year': 2023, 'crime_count': 51, 'violent_crime_count': 10}, {'year': 2024, 'crime_count': 43, 'violent_crime_count': 14}, {'year': 2025, 'crime_count': 54, 'violent_crime_count': 9}]","[{'year': 2022, 'permit_count': 98}, {'year': 2023, 'permit_count': 86}, {'year': 2024, 'permit_count': 69}, {'year': 2025, 'permit_count': 53}]","[{'year': 2021, 'population': 42422}, {'year': 2022, 'population': 42904}]",0.1724,33,9,24,Grand & Kingsbury,33
1970072-20260516,41.880524949,-87.6516927154,NEAR WEST SIDE,60607,business_candidate,0,Limited Business License,0.2,1.0455,119500.0,-0.0398,"[{'year': 2022, 'crime_count': 48, 'violent_crime_count': 9}, {'year': 2023, 'crime_count': 59, 'violent_crime_count': 10}, {'year': 2024, 'crime_count': 28, 'violent_crime_count': 1}, {'year': 2025, 'crime_count': 35, 'violent_crime_count': 4}]","[{'year': 2022, 'permit_count': 130}, {'year': 2023, 'permit_count': 116}, {'year': 2024, 'permit_count': 69}, {'year': 2025, 'permit_count': 93}]","[{'year': 2021, 'population': 29990}, {'year': 2022, 'population': 28797}]",0.0787,24,4,45,Madison & Morgan,20
2293433-20260516,41.8893285936,-87.630547851,NEAR NORTH SIDE,60654,business_candidate,0,Consumption on Premises - Incidental Activity,0.8627,0.0625,138279.0,0.0739,"[{'year': 2022, 'crime_count': 152, 'violent_crime_count': 31}, {'year': 2023, 'crime_count': 165, 'violent_crime_count': 42}, {'year': 2024, 'crime_count': 164, 'violent_crime_count': 35}, {'year': 2025, 'crime_count': 143, 'violent_crime_count': 22}]","[{'year': 2022, 'permit_count': 270}, {'year': 2023, 'permit_count': 276}, {'year': 2024, 'permit_count': 293}, {'year': 2025, 'permit_count': 299}]","[{'year': 2021, 'population': 21859}, {'year': 2022, 'population': 23475}]",0.0684,95,29,119,Dearborn & Hubbard,55
2043015-20260516,41.8790107233,-87.657200592,NEAR WEST SIDE,60607,business_candidate,0,Tobacco,0.3571,0.6667,119500.0,-0.0398,"[{'year': 2022, 'crime_count': 37, 'violent_crime_count': 7}, {'year': 2023, 'crime_count': 42, 'violent_crime_count': 8}, {'year': 2024, 'crime_count': 26, 'violent_crime_count': 3}, {'year': 2025, 'crime_count': 31, 'violent_crime_count': 4}]","[{'year': 2022, 'permit_count': 61}, {'year': 2023, 'permit_count': 58}, {'year': 2024, 'permit_count': 45}, {'year': 2025, 'permit_count': 47}]","[{'year': 2021, 'population': 29990}, {'year': 2022, 'population': 28797}]",0.1695,19,3,15,Van Buren & Racine,17
2683624-20260516,41.88053925,-87.6345924635,LOOP,60606,business_candidate,0,Tobacco,0.175,0.1069,133333.0,0.0652,"[{'year': 2022, 'crime_count': 91, 'violent_crime_count': 26}, {'year': 2023, 'crime_count': 100, 'violent_crime_count': 24}, {'year': 2024, 'crime_count': 90, 'violent_crime_count': 18}, {'year': 2025, 'crime_count': 102, 'violent_crime_count': 21}]","[{'year': 2022, 'permit_count': 432}, {'year': 2023, 'permit_count': 375}, {'year': 2024, 'permit_count': 378}, {'year': 2025, 'permit_count': 346}]","[{'year': 2021, 'population': 3298}, {'year': 2022, 'population': 3513}]",0.0823,47,14,176,Adams & Wells,53
2583414-20260516,41.8868893057,-87.6488227918,NEAR WEST SIDE,60607,business_candidate,0,Outdoor Patio,0.8,0.7586,119500.0,-0.0398,"[{'year': 2022, 'crime_count': 37, 'violent_crime_count': 10}, {'year': 2023, 'crime_count': 72, 'violent_crime_count': 10}, {'year': 2024, 'crime_count': 30, 'violent_crime_count': 3}, {'year': 2025, 'crime_count': 43, 'violent_crime_count': 5}]","[{'year': 2022, 'permit_count': 137}, {'year': 2023, 'permit_count': 157}, {'year': 2024, 'permit_count': 88}, {'year': 2025, 'permit_count': 100}]","[{'year': 2021, 'population': 29990}, {'year': 2022, 'population': 28797}]",0.1036,36,6,51,Halsted & Lake,19
1694390-20260516,41.8640292109,-87.646975451,NEAR WEST SIDE,60607,business_candidate,0,Package Goods,-0.4615,0.0,119500.0,-0.0398,"[{'year': 2022, 'crime_count': 17, 'violent_crime_count': 4}, {'year': 2023, 'crime_count': 11, 'violent_crime_count': 2}, {'year': 2024, 'crime_count': 16, 'violent_crime_count': 6}, {'year': 2025, 'crime_count': 27, 'violent_crime_count': 5}]","[{'year': 2022, 'permit_count': 18}, {'year': 2023, 'permit_count': 13}, {'year': 2024, 'permit_count': 16}, {'year': 2025, 'permit_count': 25}]","[{'year': 2021, 'population': 29990}, {'year': 2022, 'population': 28797}]",0.1064,7,3,5,Halsted & 14th Place,21
2594599-20260516,41.89038185,-87.6341848345,NEAR NORTH SIDE,60654,business_candidate,0,Limited Business License,1.0513,0.061,138279.0,0.0739,"[{'year': 2022, 'crime_count': 117, 'violent_crime_count': 26}, {'year': 2023, 'crime_count': 141, 'violent_crime_count': 39}, {'year': 2024, 'crime_count': 120, 'violent_crime_count': 27}, {'year': 2025, 'crime_count': 106, 'violent_crime_count': 20}]","[{'year': 2022, 'permit_count': 217}, {'year': 2023, 'permit_count': 185}, {'year': 2024, 'permit_count': 227}, {'year': 2025, 'permit_count': 226}]","[{'year': 2021, 'population': 21859}, {'year': 2022, 'population': 23475}]",0.0924,80,20,87,Wells & Grand,45
2595805-20260516,41.8822243258,-87.6260714358,LOOP,60602,business_candidate,0,Regulated Business License,0.375,-0.0551,167617.0,-0.1786,"[{'year': 2022, 'crime_count': 106, 'violent_crime_count': 30}, {'year': 2023, 'crime_count': 125, 'violent_crime_count': 31}, {'year': 2024, 'crime_count': 121, 'violent_crime_count': 25}, {'year': 2025, 'crime_count': 127, 'violent_crime_count': 24}]","[{'year': 2022, 'permit_count': 318}, {'year': 2023, 'permit_count': 269}, {'year': 2024, 'permit_count': 377}, {'year': 2025, 'permit_count': 341}]","[{'year': 2021, 'population': 1142}, {'year': 2022, 'population': 938}]",0.0077,66,22,120,Madison & Wabash,53
47510-20260516,41.8765183366,-87.6501172361,NEAR WEST SIDE,60607,business_candidate,0,Limited Business License,0.1818,0.0625,119500.0,-0.0398,"[{'year': 2022, 'crime_count': 39, 'violent_crime_count': 9}, {'year': 2023, 'crime_count': 33, 'violent_crime_count': 7}, {'year': 2024, 'crime_count': 21, 'violent_crime_count': 3}, {'year': 2025, 'crime_count': 30, 'violent_crime_count': 5}]","[{'year': 2022, 'permit_count': 47}, {'year': 2023, 'permit_count': 36}, {'year': 2024, 'permit_count': 51}, {'year': 2025, 'permit_count': 37}]","[{'year': 2021, 'population': 29990}, {'year': 2022, 'population': 28797}]",0.0385,13,0,17,Van Buren & Peoria,26
1681221-20260516,41.8828264256,-87.6597383167,NEAR WEST SIDE,60607,business_candidate,0,Limited Business License,0.3182,1.4615,119500.0,-0.0398,"[{'year': 2022, 'crime_count': 36, 'violent_crime_count': 9}, {'year': 2023, 'crime_count': 49, 'violent_crime_count': 11}, {'year': 2024, 'crime_count': 34, 'violent_crime_count': 7}, {'year': 2025, 'crime_count': 37, 'violent_crime_count': 8}]","[{'year': 2022, 'permit_count': 79}, {'year': 2023, 'permit_count': 82}, {'year': 2024, 'permit_count': 52}, {'year': 2025, 'permit_count': 75}]","[{'year': 2021, 'population': 29990}, {'year': 2022, 'population': 28797}]",0.1461,29,9,32,Madison & Loomis,19
2073932-20260516,41.881492415,-87.6579076087,NEAR WEST SIDE,60607,business_candidate,0,Limited Business License,0.65,1.1538,119500.0,-0.0398,"[{'year': 2022, 'crime_count': 43, 'violent_crime_count': 8}, {'year': 2023, 'crime_count': 46, 'violent_crime_count': 8}, {'year': 2024, 'crime_count': 31, 'violent_crime_count': 3}, {'year': 2025, 'crime_count': 34, 'violent_crime_count': 3}]","[{'year': 2022, 'permit_count': 82}, {'year': 2023, 'permit_count': 88}, {'year': 2024, 'permit_count': 54}, {'year': 2025, 'permit_count': 79}]","[{'year': 2021, 'population': 29990}, {'year': 2022, 'population': 28797}]",0.0298,33,9,28,Madison & Racine,15
9922-20260516,41.8856433761,-87.6551470117,NEAR WEST SIDE,60607,business_candidate,0,Limited Business License,0.3333,1.3333,119500.0,-0.0398,"[{'year': 2022, 'crime_count': 36, 'violent_crime_count': 8}, {'year': 2023, 'crime_count': 66, 'violent_crime_count': 8}, {'year': 2024, 'crime_count': 30, 'violent_crime_count': 1}, {'year': 2025, 'crime_count': 26, 'violent_crime_count': 2}]","[{'year': 2022, 'permit_count': 138}, {'year': 2023, 'permit_count': 131}, {'year': 2024, 'permit_count': 72}, {'year': 2025, 'permit_count': 105}]","[{'year': 2021, 'population': 29990}, {'year': 2022, 'population': 28797}]",0.3047,32,7,49,Madison & Racine,11
2017860-20260516,41.879047715,-87.6508362701,NEAR WEST SIDE,60607,business_candidate,0,Limited Business License,0.5,0.2273,119500.0,-0.0398,"[{'year': 2022, 'crime_count': 45, 'violent_crime_count': 10}, {'year': 2023, 'crime_count': 47, 'violent_crime_count': 9}, {'year': 2024, 'crime_count': 21, 'violent_crime_count': 1}, {'year': 2025, 'crime_count': 33, 'violent_crime_count': 6}]","[{'year': 2022, 'permit_count': 104}, {'year': 2023, 'permit_count': 81}, {'year': 2024, 'permit_count': 59}, {'year': 2025, 'permit_count': 70}]","[{'year': 2021, 'population': 29990}, {'year': 2022, 'population': 28797}]",0.0965,21,2,27,Jackson & Morgan,26
2616929-20260516,41.8800164539,-87.632162307,LOOP,60603,business_candidate,0,Limited Business License,0.1277,0.1818,124888.0,-0.1294,"[{'year': 2022, 'crime_count': 97, 'violent_crime_count': 29}, {'year': 2023, 'crime_count': 115, 'violent_crime_count': 27}, {'year': 2024, 'crime_count': 101, 'violent_crime_count': 22}, {'year': 2025, 'crime_count': 110, 'violent_crime_count': 22}]","[{'year': 2022, 'permit_count': 431}, {'year': 2023, 'permit_count': 385}, {'year': 2024, 'permit_count': 389}, {'year': 2025, 'permit_count': 358}]","[{'year': 2021, 'population': 1275}, {'year': 2022, 'population': 1110}]",0.038,53,16,182,LaSalle & Adams,56
33416-20260516,41.878043475,-87.6481802109,NEAR WEST SIDE,60607,business_candidate,0,Limited Business License,0.4167,-0.0345,119500.0,-0.0398,"[{'year': 2022, 'crime_count': 49, 'violent_crime_count': 11}, {'year': 2023, 'crime_count': 38, 'violent_crime_count': 8}, {'year': 2024, 'crime_count': 24, 'violent_crime_count': 5}, {'year': 2025, 'crime_count': 35, 'violent_crime_count': 4}]","[{'year': 2022, 'permit_count': 136}, {'year': 2023, 'permit_count': 97}, {'year': 2024, 'permit_count': 90}, {'year': 2025, 'permit_count': 70}]","[{'year': 2021, 'population': 29990}, {'year': 2022, 'population': 28797}]",0.0633,17,1,28,Jackson & Halsted,26
2830890-20260516,41.8673484125,-87.6409730241,NEAR WEST SIDE,60607,business_candidate,0,Regulated Business License,-0.2222,0.5,119500.0,-0.0398,"[{'year': 2022, 'crime_count': 28, 'violent_crime_count': 4}, {'year': 2023, 'crime_count': 17, 'violent_crime_count': 2}, {'year': 2024, 'crime_count': 21, 'violent_crime_count': 5}, {'year': 2025, 'crime_count': 27, 'violent_crime_count': 6}]","[{'year': 2022, 'permit_count': 25}, {'year': 2023, 'permit_count': 17}, {'year': 2024, 'permit_count': 13}, {'year': 2025, 'permit_count': 29}]","[{'year': 2021, 'population': 29990}, {'year': 2022, 'population': 28797}]",0.1744,7,1,6,Clinton & Taylor,13
2053963-20260516,41.8880849563,-87.6311818508,NEAR NORTH SIDE,60654,business_candidate,0,Limited Business License,0.7679,0.0853,138279.0,0.0739,"[{'year': 2022, 'crime_count': 153, 'violent_crime_count': 32}, {'year': 2023, 'crime_count': 167, 'violent_crime_count': 43}, {'year': 2024, 'crime_count': 160, 'violent_crime_count': 34}, {'year': 2025, 'crime_count': 147, 'violent_crime_count': 23}]","[{'year': 2022, 'permit_count': 327}, {'year': 2023, 'permit_count': 303}, {'year': 2024, 'permit_count': 320}, {'year': 2025, 'permit_count': 343}]","[{'year': 2021, 'population': 21859}, {'year': 2022, 'population': 23475}]",0.067,99,27,140,321 N LaSalle,53
2589440-20260516,41.8695837179,-87.6532585248,NEAR WEST SIDE,60607,business_candidate,0,Retail Food Establishment,-0.1667,5.0,119500.0,-0.0398,"[{'year': 2022, 'crime_count': 15, 'violent_crime_count': 5}, {'year': 2023, 'crime_count': 17, 'violent_crime_count': 3}, {'year': 2024, 'crime_count': 18, 'violent_crime_count': 7}, {'year': 2025, 'crime_count': 25, 'violent_crime_count': 7}]","[{'year': 2022, 'permit_count': 10}, {'year': 2023, 'permit_count': 18}, {'year': 2024, 'permit_count': 52}, {'year': 2025, 'permit_count': 20}]","[{'year': 2021, 'population': 29990}, {'year': 2022, 'population': 28797}]",0.0443,10,1,6,Taylor & Aberdeen,38
21500-20260516,41.8695753051,-87.6537591314,NEAR WEST SIDE,60607,business_candidate,0,Retail Food Establishment,-0.3125,5.0,119500.0,-0.0398,"[{'year': 2022, 'crime_count': 14, 'violent_crime_count': 5}, {'year': 2023, 'crime_count': 17, 'violent_crime_count': 3}, {'year': 2024, 'crime_count': 19, 'violent_crime_count': 7}, {'year': 2025, 'crime_count': 24, 'violent_crime_count': 7}]","[{'year': 2022, 'permit_count': 9}, {'year': 2023, 'permit_count': 17}, {'year': 2024, 'permit_count': 54}, {'year': 2025, 'permit_count': 22}]","[{'year': 2021, 'population': 29990}, {'year': 2022, 'population': 28797}]",0.0187,11,1,6,Taylor & Aberdeen,38
2827300-20260516,41.8831116866,-87.6258509892,LOOP,60602,business_candidate,0,Shared Housing Unit Operator,0.4894,-0.0682,167617.0,-0.1786,"[{'year': 2022, 'crime_count': 116, 'violent_crime_count': 31}, {'year': 2023, 'crime_count': 128, 'violent_crime_count': 31}, {'year': 2024, 'crime_count': 124, 'violent_crime_count': 24}, {'year': 2025, 'crime_count': 130, 'violent_crime_count': 23}]","[{'year': 2022, 'permit_count': 312}, {'year': 2023, 'permit_count': 270}, {'year': 2024, 'permit_count': 369}, {'year': 2025, 'permit_count': 354}]","[{'year': 2021, 'population': 1142}, {'year': 2022, 'population': 938}]",0.0068,70,23,123,Washington & Wabash,47
2966497-20260516,41.8900449575,-87.6376280638,NEAR NORTH SIDE,60654,business_candidate,0,Retail Food Establishment,0.8485,0.0789,138279.0,0.0739,"[{'year': 2022, 'crime_count': 79, 'violent_crime_count': 23}, {'year': 2023, 'crime_count': 96, 'violent_crime_count': 22}, {'year': 2024, 'crime_count': 83, 'violent_crime_count': 20}, {'year': 2025, 'crime_count': 84, 'violent_crime_count': 13}]","[{'year': 2022, 'permit_count': 187}, {'year': 2023, 'permit_count': 193}, {'year': 2024, 'permit_count': 180}, {'year': 2025, 'permit_count': 205}]","[{'year': 2021, 'population': 21859}, {'year': 2022, 'population': 23475}]",0.144,61,18,82,Grand & Franklin,33
1904335-20260516,41.8855444065,-87.6613752762,NEAR WEST SIDE,60607,business_candidate,0,Limited Business License,0.25,1.3077,119500.0,-0.0398,"[{'year': 2022, 'crime_count': 29, 'violent_crime_count': 5}, {'year': 2023, 'crime_count': 46, 'violent_crime_count': 11}, {'year': 2024, 'crime_count': 40, 'violent_crime_count': 9}, {'year': 2025, 'crime_count': 28, 'violent_crime_count': 8}]","[{'year': 2022, 'permit_count': 73}, {'year': 2023, 'permit_count': 78}, {'year': 2024, 'permit_count': 40}, {'year': 2025, 'permit_count': 69}]","[{'year': 2021, 'population': 29990}, {'year': 2022, 'population': 28797}]",0.2756,25,10,30,Madison & Loomis,14
2476670-20260516,41.9033912144,-87.6443242536,NEAR NORTH SIDE,60610,business_candidate,0,Package Goods,0.3,-0.1429,106277.0,0.0114,"[{'year': 2022, 'crime_count': 26, 'violent_crime_count': 9}, {'year': 2023, 'crime_count': 36, 'violent_crime_count': 4}, {'year': 2024, 'crime_count': 27, 'violent_crime_count': 11}, {'year': 2025, 'crime_count': 36, 'violent_crime_count': 8}]","[{'year': 2022, 'permit_count': 39}, {'year': 2023, 'permit_count': 15}, {'year': 2024, 'permit_count': 16}, {'year': 2025, 'permit_count': 38}]","[{'year': 2021, 'population': 42422}, {'year': 2022, 'population': 42904}]",0.0364,13,3,6,Division & Larrabee,17
1579603-20260516,41.8691415902,-87.6566003171,NEAR WEST SIDE,60607,business_candidate,0,Limited Business License,-0.2143,3.0,119500.0,-0.0398,"[{'year': 2022, 'crime_count': 17, 'violent_crime_count': 6}, {'year': 2023, 'crime_count': 20, 'violent_crime_count': 5}, {'year': 2024, 'crime_count': 22, 'violent_crime_count': 9}, {'year': 2025, 'crime_count': 26, 'violent_crime_count': 8}]","[{'year': 2022, 'permit_count': 8}, {'year': 2023, 'permit_count': 14}, {'year': 2024, 'permit_count': 59}, {'year': 2025, 'permit_count': 22}]","[{'year': 2021, 'population': 29990}, {'year': 2022, 'population': 28797}]",0.0118,11,1,8,Racine & Taylor,35
2971736-20260516,41.88974388,-87.6323965296,NEAR NORTH SIDE,60654,business_candidate,0,Limited Business License,1.1818,0.0094,138279.0,0.0739,"[{'year': 2022, 'crime_count': 142, 'violent_crime_count': 29}, {'year': 2023, 'crime_count': 158, 'violent_crime_count': 41}, {'year': 2024, 'crime_count': 140, 'violent_crime_count': 30}, {'year': 2025, 'crime_count': 129, 'violent_crime_count': 22}]","[{'year': 2022, 'permit_count': 265}, {'year': 2023, 'permit_count': 254}, {'year': 2024, 'permit_count': 253}, {'year': 2025, 'permit_count': 267}]","[{'year': 2021, 'population': 21859}, {'year': 2022, 'population': 23475}]",0.0657,96,27,107,LaSalle & Illinois,52
2952255-20260516,41.8650256903,-87.6256298244,NEAR SOUTH SIDE,60605,business_candidate,0,Regulated Business License,-0.04,-0.2143,116462.0,0.0697,"[{'year': 2022, 'crime_count': 60, 'violent_crime_count': 15}, {'year': 2023, 'crime_count': 49, 'violent_crime_count': 10}, {'year': 2024, 'crime_count': 37, 'violent_crime_count': 14}, {'year': 2025, 'crime_count': 46, 'violent_crime_count': 13}]","[{'year': 2022, 'permit_count': 28}, {'year': 2023, 'permit_count': 25}, {'year': 2024, 'permit_count': 30}, {'year': 2025, 'permit_count': 28}]","[{'year': 2021, 'population': 32077}, {'year': 2022, 'population': 34314}]",0.0947,24,5,11,State & 13th Street,26
2595357-20260516,41.8832503522,-87.6545516125,NEAR WEST SIDE,60607,business_candidate,0,Limited Business License,0.6364,0.8077,119500.0,-0.0398,"[{'year': 2022, 'crime_count': 42, 'violent_crime_count': 9}, {'year': 2023, 'crime_count': 71, 'violent_crime_count': 10}, {'year': 2024, 'crime_count': 32, 'violent_crime_count': 1}, {'year': 2025, 'crime_count': 36, 'violent_crime_count': 2}]","[{'year': 2022, 'permit_count': 150}, {'year': 2023, 'permit_count': 131}, {'year': 2024, 'permit_count': 78}, {'year': 2025, 'permit_count': 105}]","[{'year': 2021, 'population': 29990}, {'year': 2022, 'population': 28797}]",0.1734,36,7,47,Madison & Morgan,12
4169-20260516,41.9101297869,-87.6348252838,NEAR NORTH SIDE,60610,business_candidate,0,Retail Food Establishment,-0.2632,-0.1724,106277.0,0.0114,"[{'year': 2022, 'crime_count': 39, 'violent_crime_count': 13}, {'year': 2023, 'crime_count': 32, 'violent_crime_count': 11}, {'year': 2024, 'crime_count': 41, 'violent_crime_count': 9}, {'year': 2025, 'crime_count': 40, 'violent_crime_count': 12}]","[{'year': 2022, 'permit_count': 58}, {'year': 2023, 'permit_count': 48}, {'year': 2024, 'permit_count': 41}, {'year': 2025, 'permit_count': 58}]","[{'year': 2021, 'population': 42422}, {'year': 2022, 'population': 42904}]",0.0636,14,3,24,North Ave & Wells,43
2469387-20260516,41.8892616234,-87.635182056,NEAR NORTH SIDE,60654,business_candidate,0,Retail Food Establishment,0.875,0.0217,138279.0,0.0739,"[{'year': 2022, 'crime_count': 102, 'violent_crime_count': 23}, {'year': 2023, 'crime_count': 132, 'violent_crime_count': 31}, {'year': 2024, 'crime_count': 108, 'violent_crime_count': 25}, {'year': 2025, 'crime_count': 109, 'violent_crime_count': 17}]","[{'year': 2022, 'permit_count': 236}, {'year': 2023, 'permit_count': 240}, {'year': 2024, 'permit_count': 217}, {'year': 2025, 'permit_count': 237}]","[{'year': 2021, 'population': 21859}, {'year': 2022, 'population': 23475}]",0.0673,75,19,94,Wells & Merchandise Mart,41
2967377-20260516,41.8841734123,-87.6544911083,NEAR WEST SIDE,60607,business_candidate,0,Limited Business License,0.625,1.0,119500.0,-0.0398,"[{'year': 2022, 'crime_count': 40, 'violent_crime_count': 8}, {'year': 2023, 'crime_count': 74, 'violent_crime_count': 9}, {'year': 2024, 'crime_count': 34, 'violent_crime_count': 1}, {'year': 2025, 'crime_count': 37, 'violent_crime_count': 3}]","[{'year': 2022, 'permit_count': 146}, {'year': 2023, 'permit_count': 129}, {'year': 2024, 'permit_count': 77}, {'year': 2025, 'permit_count': 109}]","[{'year': 2021, 'population': 29990}, {'year': 2022, 'population': 28797}]",0.2153,39,7,48,Madison & Morgan,12
2609045-20260516,41.8695307152,-87.6564298654,NEAR WEST SIDE,60607,business_candidate,0,Tobacco,-0.3125,3.0,119500.0,-0.0398,"[{'year': 2022, 'crime_count': 18, 'violent_crime_count': 7}, {'year': 2023, 'crime_count': 20, 'violent_crime_count': 5}, {'year': 2024, 'crime_count': 22, 'violent_crime_count': 9}, {'year': 2025, 'crime_count': 27, 'violent_crime_count': 8}]","[{'year': 2022, 'permit_count': 8}, {'year': 2023, 'permit_count': 17}, {'year': 2024, 'permit_count': 57}, {'year': 2025, 'permit_count': 22}]","[{'year': 2021, 'population': 29990}, {'year': 2022, 'population': 28797}]",0.0195,11,1,8,Racine & Taylor,37
3041644-20260516,41.8780256553,-87.6320622863,LOOP,60604,business_candidate,0,Tobacco,-0.0208,0.2126,76667.0,0.0728,"[{'year': 2022, 'crime_count': 86, 'violent_crime_count': 27}, {'year': 2023, 'crime_count': 103, 'violent_crime_count': 25}, {'year': 2024, 'crime_count': 80, 'violent_crime_count': 16}, {'year': 2025, 'crime_count': 96, 'violent_crime_count': 22}]","[{'year': 2022, 'permit_count': 380}, {'year': 2023, 'permit_count': 344}, {'year': 2024, 'permit_count': 317}, {'year': 2025, 'permit_count': 275}]","[{'year': 2021, 'population': 687}, {'year': 2022, 'population': 737}]",0.0416,47,12,154,Jackson & Financial Place,59
2583358-20260516,41.8862821168,-87.6485147797,NEAR WEST SIDE,60607,business_candidate,0,Caterer's Liquor License,0.6667,0.7586,119500.0,-0.0398,"[{'year': 2022, 'crime_count': 41, 'violent_crime_count': 10}, {'year': 2023, 'crime_count': 76, 'violent_crime_count': 10}, {'year': 2024, 'crime_count': 29, 'violent_crime_count': 3}, {'year': 2025, 'crime_count': 42, 'violent_crime_count': 5}]","[{'year': 2022, 'permit_count': 144}, {'year': 2023, 'permit_count': 157}, {'year': 2024, 'permit_count': 100}, {'year': 2025, 'permit_count': 105}]","[{'year': 2021, 'population': 29990}, {'year': 2022, 'population': 28797}]",0.0652,35,6,51,Halsted & Lake,22
2967381-20260516,41.8844286593,-87.6525149715,NEAR WEST SIDE,60607,business_candidate,0,Limited Business License,0.5217,0.75,119500.0,-0.0398,"[{'year': 2022, 'crime_count': 41, 'violent_crime_count': 9}, {'year': 2023, 'crime_count': 74, 'violent_crime_count': 9}, {'year': 2024, 'crime_count': 28, 'violent_crime_count': 2}, {'year': 2025, 'crime_count': 34, 'violent_crime_count': 2}]","[{'year': 2022, 'permit_count': 151}, {'year': 2023, 'permit_count': 142}, {'year': 2024, 'permit_count': 79}, {'year': 2025, 'permit_count': 106}]","[{'year': 2021, 'population': 29990}, {'year': 2022, 'population': 28797}]",0.1872,35,5,49,Madison & Morgan,12
2977164-20260516,41.9019055542,-87.6284930761,NEAR NORTH SIDE,60610,business_candidate,0,Limited Business License,0.0278,0.0,106277.0,0.0114,"[{'year': 2022, 'crime_count': 73, 'violent_crime_count': 11}, {'year': 2023, 'crime_count': 56, 'violent_crime_count': 15}, {'year': 2024, 'crime_count': 73, 'violent_crime_count': 18}, {'year': 2025, 'crime_count': 62, 'violent_crime_count': 17}]","[{'year': 2022, 'permit_count': 126}, {'year': 2023, 'permit_count': 126}, {'year': 2024, 'permit_count': 175}, {'year': 2025, 'permit_count': 130}]","[{'year': 2021, 'population': 42422}, {'year': 2022, 'population': 42904}]",0.0064,37,9,53,State & Maple,46
2967379-20260516,41.8966120637,-87.6248722312,NEAR NORTH SIDE,60611,business_candidate,0,Limited Business License,0.1,0.2879,126812.0,0.0198,"[{'year': 2022, 'crime_count': 146, 'violent_crime_count': 20}, {'year': 2023, 'crime_count': 114, 'violent_crime_count': 32}, {'year': 2024, 'crime_count': 117, 'violent_crime_count': 29}, {'year': 2025, 'crime_count': 80, 'violent_crime_count': 14}]","[{'year': 2022, 'permit_count': 217}, {'year': 2023, 'permit_count': 258}, {'year': 2024, 'permit_count': 252}, {'year': 2025, 'permit_count': 218}]","[{'year': 2021, 'population': 34562}, {'year': 2022, 'population': 35247}]",0.0234,55,14,85,Chicago & Michigan,55
1494384-20260516,41.8851605193,-87.6487732237,NEAR WEST SIDE,60607,business_candidate,0,Wholesale Food Establishment,0.6818,0.6452,119500.0,-0.0398,"[{'year': 2022, 'crime_count': 46, 'violent_crime_count': 11}, {'year': 2023, 'crime_count': 77, 'violent_crime_count': 11}, {'year': 2024, 'crime_count': 27, 'violent_crime_count': 2}, {'year': 2025, 'crime_count': 44, 'violent_crime_count': 6}]","[{'year': 2022, 'permit_count': 153}, {'year': 2023, 'permit_count': 160}, {'year': 2024, 'permit_count': 103}, {'year': 2025, 'permit_count': 105}]","[{'year': 2021, 'population': 29990}, {'year': 2022, 'population': 28797}]",0.0684,37,6,51,Halsted & Lake,20
2535956-20260516,41.877975138,-87.638422171,NEAR WEST SIDE,60606,business_candidate,0,Limited Business License,-0.0455,0.1545,133333.0,0.0652,"[{'year': 2022, 'crime_count': 50, 'violent_crime_count': 8}, {'year': 2023, 'crime_count': 39, 'violent_crime_count': 14}, {'year': 2024, 'crime_count': 28, 'violent_crime_count': 6}, {'year': 2025, 'crime_count': 47, 'violent_crime_count': 9}]","[{'year': 2022, 'permit_count': 330}, {'year': 2023, 'permit_count': 303}, {'year': 2024, 'permit_count': 275}, {'year': 2025, 'permit_count': 252}]","[{'year': 2021, 'population': 3298}, {'year': 2022, 'population': 3513}]",0.0697,21,4,127,Jackson & Canal,42
1742665-20260516,41.871889044,-87.6416536608,NEAR WEST SIDE,60607,business_candidate,0,Limited Business License,-0.25,0.4167,119500.0,-0.0398,"[{'year': 2022, 'crime_count': 34, 'violent_crime_count': 5}, {'year': 2023, 'crime_count': 17, 'violent_crime_count': 2}, {'year': 2024, 'crime_count': 26, 'violent_crime_count': 7}, {'year': 2025, 'crime_count': 36, 'violent_crime_count': 8}]","[{'year': 2022, 'permit_count': 61}, {'year': 2023, 'permit_count': 60}, {'year': 2024, 'permit_count': 47}, {'year': 2025, 'permit_count': 42}]","[{'year': 2021, 'population': 29990}, {'year': 2022, 'population': 28797}]",0.1249,9,1,17,Canal & Polk,22
1931981-20260516,41.8767392416,-87.6500362229,NEAR WEST SIDE,60607,business_candidate,0,Limited Business License,0.1818,-0.0625,119500.0,-0.0398,"[{'year': 2022, 'crime_count': 39, 'violent_crime_count': 9}, {'year': 2023, 'crime_count': 33, 'violent_crime_count': 7}, {'year': 2024, 'crime_count': 22, 'violent_crime_count': 3}, {'year': 2025, 'crime_count': 31, 'violent_crime_count': 6}]","[{'year': 2022, 'permit_count': 49}, {'year': 2023, 'permit_count': 40}, {'year': 2024, 'permit_count': 54}, {'year': 2025, 'permit_count': 42}]","[{'year': 2021, 'population': 29990}, {'year': 2022, 'population': 28797}]",0.0329,13,0,15,Van Buren & Peoria,23
2589115-20260516,41.8805954605,-87.6477748224,NEAR WEST SIDE,60607,business_candidate,0,Regulated Business License,0.3125,0.2222,119500.0,-0.0398,"[{'year': 2022, 'crime_count': 54, 'violent_crime_count': 11}, {'year': 2023, 'crime_count': 64, 'violent_crime_count': 9}, {'year': 2024, 'crime_count': 35, 'violent_crime_count': 3}, {'year': 2025, 'crime_count': 41, 'violent_crime_count': 4}]","[{'year': 2022, 'permit_count': 174}, {'year': 2023, 'permit_count': 160}, {'year': 2024, 'permit_count': 118}, {'year': 2025, 'permit_count': 107}]","[{'year': 2021, 'population': 29990}, {'year': 2022, 'population': 28797}]",0.0703,21,2,55,Halsted & Madison,32
10845-20260516,41.8790115526,-87.6531288666,NEAR WEST SIDE,60607,business_candidate,0,Limited Business License,0.6154,0.6923,119500.0,-0.0398,"[{'year': 2022, 'crime_count': 43, 'violent_crime_count': 9}, {'year': 2023, 'crime_count': 41, 'violent_crime_count': 8}, {'year': 2024, 'crime_count': 22, 'violent_crime_count': 1}, {'year': 2025, 'crime_count': 32, 'violent_crime_count': 4}]","[{'year': 2022, 'permit_count': 97}, {'year': 2023, 'permit_count': 68}, {'year': 2024, 'permit_count': 49}, {'year': 2025, 'permit_count': 58}]","[{'year': 2021, 'population': 29990}, {'year': 2022, 'population': 28797}]",0.1111,21,4,22,Jackson & Morgan,23
14380-20260516,41.8694111034,-87.6640178343,NEAR WEST SIDE,60607,business_candidate,0,Retail Food Establishment,0.3333,1.25,119500.0,-0.0398,"[{'year': 2022, 'crime_count': 28, 'violent_crime_count': 6}, {'year': 2023, 'crime_count': 23, 'violent_crime_count': 4}, {'year': 2024, 'crime_count': 24, 'violent_crime_count': 8}, {'year': 2025, 'crime_count': 31, 'violent_crime_count': 14}]","[{'year': 2022, 'permit_count': 24}, {'year': 2023, 'permit_count': 14}, {'year': 2024, 'permit_count': 57}, {'year': 2025, 'permit_count': 29}]","[{'year': 2021, 'population': 29990}, {'year': 2022, 'population': 28797}]",0.0168,16,0,9,Taylor & Laflin,40
2845106-20260516,41.8965175596,-87.6318281632,NEAR NORTH SIDE,60654,business_candidate,0,Limited Business License,0.6279,0.0364,138279.0,0.0739,"[{'year': 2022, 'crime_count': 134, 'violent_crime_count': 24}, {'year': 2023, 'crime_count': 123, 'violent_crime_count': 32}, {'year': 2024, 'crime_count': 128, 'violent_crime_count': 31}, {'year': 2025, 'crime_count': 101, 'violent_crime_count': 20}]","[{'year': 2022, 'permit_count': 181}, {'year': 2023, 'permit_count': 177}, {'year': 2024, 'permit_count': 197}, {'year': 2025, 'permit_count': 158}]","[{'year': 2021, 'population': 21859}, {'year': 2022, 'population': 23475}]",0.0323,70,17,57,Clark & Chicago,56
1923014-20260516,41.8817604989,-87.6553242489,NEAR WEST SIDE,60607,business_candidate,0,Consumption on Premises - Incidental Activity,0.5455,0.9565,119500.0,-0.0398,"[{'year': 2022, 'crime_count': 41, 'violent_crime_count': 9}, {'year': 2023, 'crime_count': 59, 'violent_crime_count': 12}, {'year': 2024, 'crime_count': 26, 'violent_crime_count': 1}, {'year': 2025, 'crime_count': 34, 'violent_crime_count': 2}]","[{'year': 2022, 'permit_count': 134}, {'year': 2023, 'permit_count': 129}, {'year': 2024, 'permit_count': 64}, {'year': 2025, 'permit_count': 96}]","[{'year': 2021, 'population': 29990}, {'year': 2022, 'population': 28797}]",0.1044,34,7,45,Madison & Racine,15
2313649-20260516,41.8949836069,-87.6241061965,NEAR NORTH SIDE,60611,business_candidate,0,Regulated Business License,0.25,0.2429,126812.0,0.0198,"[{'year': 2022, 'crime_count': 160, 'violent_crime_count': 23}, {'year': 2023, 'crime_count': 126, 'violent_crime_count': 36}, {'year': 2024, 'crime_count': 129, 'violent_crime_count': 31}, {'year': 2025, 'crime_count': 94, 'violent_crime_count': 18}]","[{'year': 2022, 'permit_count': 217}, {'year': 2023, 'permit_count': 266}, {'year': 2024, 'permit_count': 257}, {'year': 2025, 'permit_count': 230}]","[{'year': 2021, 'population': 34562}, {'year': 2022, 'population': 35247}]",0.0502,65,20,87,Michigan & Erie,58
1821706-20260516,41.8866698466,-87.6489050081,NEAR WEST SIDE,60607,business_candidate,0,Retail Food Establishment,0.7619,0.7586,119500.0,-0.0398,"[{'year': 2022, 'crime_count': 40, 'violent_crime_count': 10}, {'year': 2023, 'crime_count': 74, 'violent_crime_count': 10}, {'year': 2024, 'crime_count': 30, 'violent_crime_count': 3}, {'year': 2025, 'crime_count': 43, 'violent_crime_count': 5}]","[{'year': 2022, 'permit_count': 139}, {'year': 2023, 'permit_count': 157}, {'year': 2024, 'permit_count': 89}, {'year': 2025, 'permit_count': 100}]","[{'year': 2021, 'population': 29990}, {'year': 2022, 'population': 28797}]",0.0967,37,6,51,Halsted & Lake,20
2496159-20260516,41.9000878952,-87.6259142793,NEAR NORTH SIDE,60611,business_candidate,0,Limited Business License,0.122,0.2182,126812.0,0.0198,"[{'year': 2022, 'crime_count': 105, 'violent_crime_count': 16}, {'year': 2023, 'crime_count': 77, 'violent_crime_count': 23}, {'year': 2024, 'crime_count': 91, 'violent_crime_count': 26}, {'year': 2025, 'crime_count': 76, 'violent_crime_count': 18}]","[{'year': 2022, 'permit_count': 173}, {'year': 2023, 'permit_count': 195}, {'year': 2024, 'permit_count': 224}, {'year': 2025, 'permit_count': 189}]","[{'year': 2021, 'population': 34562}, {'year': 2022, 'population': 35247}]",0.1222,46,14,67,State & Oak,46
2971555-20260516,41.8838302167,-87.6510701592,NEAR WEST SIDE,60607,business_candidate,0,Retail Food Establishment,0.36,0.6,119500.0,-0.0398,"[{'year': 2022, 'crime_count': 42, 'violent_crime_count': 9}, {'year': 2023, 'crime_count': 74, 'violent_crime_count': 9}, {'year': 2024, 'crime_count': 30, 'violent_crime_count': 2}, {'year': 2025, 'crime_count': 40, 'violent_crime_count': 4}]","[{'year': 2022, 'permit_count': 154}, {'year': 2023, 'permit_count': 153}, {'year': 2024, 'permit_count': 86}, {'year': 2025, 'permit_count': 95}]","[{'year': 2021, 'population': 29990}, {'year': 2022, 'population': 28797}]",0.1479,34,6,48,Madison & Morgan,14
3056909-20260516,41.9014996944,-87.6250603457,NEAR NORTH SIDE,60611,business_candidate,0,Regulated Business License,0.0286,0.1373,126812.0,0.0198,"[{'year': 2022, 'crime_count': 85, 'violent_crime_count': 13}, {'year': 2023, 'crime_count': 58, 'violent_crime_count': 17}, {'year': 2024, 'crime_count': 75, 'violent_crime_count': 22}, {'year': 2025, 'crime_count': 66, 'violent_crime_count': 17}]","[{'year': 2022, 'permit_count': 143}, {'year': 2023, 'permit_count': 149}, {'year': 2024, 'permit_count': 194}, {'year': 2025, 'permit_count': 160}]","[{'year': 2021, 'population': 34562}, {'year': 2022, 'population': 35247}]",0.1765,36,11,58,State & Maple,37
2901853-20260516,41.8880060014,-87.6520606393,NEAR WEST SIDE,60607,business_candidate,0,Limited Business License,0.5217,1.3913,119500.0,-0.0398,"[{'year': 2022, 'crime_count': 34, 'violent_crime_count': 9}, {'year': 2023, 'crime_count': 69, 'violent_crime_count': 6}, {'year': 2024, 'crime_count': 29, 'violent_crime_count': 2}, {'year': 2025, 'crime_count': 39, 'violent_crime_count': 4}]","[{'year': 2022, 'permit_count': 133}, {'year': 2023, 'permit_count': 150}, {'year': 2024, 'permit_count': 74}, {'year': 2025, 'permit_count': 105}]","[{'year': 2021, 'population': 29990}, {'year': 2022, 'population': 28797}]",0.25,35,7,55,Grand & Aberdeen,16
